{"_wandb":{"runtime":41},"train_loss":0.03515676131756488,"val_loss":0.0376786258592106,"_timestamp":1.7397597328686695e+09,"_runtime":41.678993666,"_step":70,"epoch":70,"test_loss":0.03914154316298664}