{"test_loss":0.039599828722496185,"_wandb":{"runtime":16},"_timestamp":1.7397592846138706e+09,"_runtime":16.846721492,"_step":30,"epoch":30,"train_loss":0.03373803429074626,"val_loss":0.03415946403825746}