{"val_loss":0.03920023641822969,"_timestamp":1.739759141949602e+09,"_runtime":13.967537808,"test_loss":0.038510028035082716,"_wandb":{"runtime":14},"_step":50,"epoch":50,"train_loss":0.0367369709996047}