{"_timestamp":1.7397073994001982e+09,"_runtime":22.82755997,"_step":30,"epoch":30,"test_loss":0.03540269317145043,"_wandb":{"runtime":22},"train_loss":0.03310588000779401,"val_loss":0.03728505072218401}