{"_wandb":{"runtime":19},"epoch":50,"train_loss":0.03274592404248636,"val_loss":0.035377220064401624,"_timestamp":1.739708233627414e+09,"_runtime":19.729877991,"_step":50,"test_loss":0.03532653409197475}