{"epoch":50,"test_loss":0.03617530212967947,"_wandb":{"runtime":34},"train_loss":0.03403440171173223,"val_loss":0.038769197702970146,"_timestamp":1.7397609652500114e+09,"_runtime":34.441778282,"_step":50}