{"_timestamp":1.7397056631107585e+09,"_runtime":24.589126981,"_step":30,"test_loss":0.04254420577211583,"_wandb":{"runtime":24},"epoch":30,"train_loss":0.04386776374475815,"val_loss":0.04133282508701086}