{"_timestamp":1.739708366204848e+09,"_runtime":37.112981002,"_step":50,"epoch":50,"train_loss":0.033689091943125145,"test_loss":0.038477067165076734,"_wandb":{"runtime":37},"val_loss":0.03300265576690435}