{"train_loss":0.037717358123553896,"val_loss":0.03824255982357444,"_timestamp":1.7397068774256113e+09,"_runtime":50.831092764,"_step":70,"test_loss":0.03977989854424128,"_wandb":{"runtime":50},"epoch":70}