{"val_loss":0.0370323674287647,"_timestamp":1.7397077152784443e+09,"_runtime":19.625431118,"_step":50,"epoch":50,"test_loss":0.035427954203138746,"_wandb":{"runtime":19},"train_loss":0.03087233801408367}