{"_wandb":{"runtime":13},"_runtime":13.197581188,"_step":70,"epoch":70,"train_loss":0.0293374241819616,"val_loss":0.034685451957967975,"_timestamp":1.7397590240583293e+09,"test_loss":0.03550870685527722}