{"train_loss":0.033971630607878694,"val_loss":0.03375117352996499,"test_loss":0.03801296120311352,"_wandb":{"runtime":36},"_timestamp":1.7397076926538901e+09,"_runtime":36.539624844,"_step":50,"epoch":50}