{"_wandb":{"runtime":45},"epoch":30,"train_loss":0.03145648824122379,"val_loss":0.03617715073050931,"_timestamp":1.739706268834804e+09,"_runtime":45.085689395,"_step":30,"test_loss":0.036658249254668915}