{"test_loss":0.03523856281702008,"_wandb":{"runtime":44},"epoch":70,"train_loss":0.034869124075365174,"val_loss":0.03846725698560476,"_timestamp":1.7397084537302663e+09,"_runtime":44.667300391,"_step":70}