{"_wandb":{"runtime":28},"epoch":70,"train_loss":0.026556043869951803,"val_loss":0.036644902018209295,"_timestamp":1.7397078107777271e+09,"_runtime":28.195812551,"_step":70,"test_loss":0.03724241013137194}