{"_timestamp":1.739708291054277e+09,"_runtime":19.310678982,"_step":50,"test_loss":0.0411692203057033,"_wandb":{"runtime":19},"epoch":50,"train_loss":0.03827098394189611,"val_loss":0.04142112979157404}