{"_wandb":{"runtime":17},"_step":50,"epoch":50,"train_loss":0.02843671844224742,"val_loss":0.03812336520506786,"_timestamp":1.7397602685274694e+09,"_runtime":17.509421294,"test_loss":0.03561207572830484}