{"_runtime":9.450706123,"_step":30,"test_loss":0.03953434697332534,"_wandb":{"runtime":9},"epoch":30,"train_loss":0.03964177986428873,"val_loss":0.037540790741331875,"_timestamp":1.7397593803107355e+09}