{"_wandb":{"runtime":9},"_runtime":9.527126781,"_step":50,"epoch":50,"train_loss":0.046951385410992724,"val_loss":0.04967154562473297,"_timestamp":1.7397608668222811e+09,"test_loss":0.04553626823638167}