{"train_loss":0.04292635163089827,"val_loss":0.04608863802707713,"_timestamp":1.739707623700036e+09,"test_loss":0.04487708224742501,"_wandb":{"runtime":12},"_runtime":12.331152702,"_step":30,"epoch":30}