{"val_loss":0.03326231900022411,"_timestamp":1.7397593106877656e+09,"_runtime":23.266490196,"_step":70,"epoch":70,"train_loss":0.03326472975208429,"test_loss":0.03590031318804797,"_wandb":{"runtime":23}}