{"val_loss":0.03816031449241564,"_timestamp":1.7397069397674947e+09,"_runtime":12.622229956,"test_loss":0.03711389603488373,"_wandb":{"runtime":12},"_step":30,"epoch":30,"train_loss":0.0337809561007827}