{"_runtime":6.132474561,"_step":30,"epoch":30,"train_loss":0.03249610695080745,"val_loss":0.03780344151891768,"test_loss":0.03730074859534701,"_wandb":{"runtime":6},"_timestamp":1.7397600808140352e+09}