{"_runtime":15.289332212,"_step":50,"epoch":50,"train_loss":0.03333426931448903,"val_loss":0.03632366520663102,"_timestamp":1.7397610859290032e+09,"test_loss":0.03750946581665728,"_wandb":{"runtime":15}}