{"_wandb":{"runtime":34},"_runtime":34.39065166,"_step":50,"epoch":50,"train_loss":0.04143849466068868,"val_loss":0.042725793465420055,"_timestamp":1.7397078475032055e+09,"test_loss":0.042611158611077185}