{"val_loss":0.034157145783186904,"test_loss":0.03754972157227557,"_wandb":{"runtime":37},"_timestamp":1.7397084062172894e+09,"_runtime":37.286244716,"_step":30,"epoch":30,"train_loss":0.03022176467706632}