{"train_loss":0.04800959475549115,"val_loss":0.04692898932448093,"_timestamp":1.7397591545249736e+09,"test_loss":0.04797658792174444,"_wandb":{"runtime":9},"_runtime":9.875981302,"_step":30,"epoch":30}