{"val_loss":0.03580769290300933,"_timestamp":1.7397602400267372e+09,"_runtime":22.392137253,"_step":70,"epoch":70,"test_loss":0.039642166888600665,"_wandb":{"runtime":22},"train_loss":0.03584232452876485}