{"val_loss":0.0357637233322575,"_timestamp":1.7397595701151006e+09,"_runtime":15.528435897,"_step":50,"test_loss":0.03610180451926824,"_wandb":{"runtime":15},"epoch":50,"train_loss":0.030253387749430604}