{"_timestamp":1.7397056356294303e+09,"_runtime":22.305536894,"_step":50,"epoch":50,"train_loss":0.03344338583067442,"test_loss":0.034224104679500066,"_wandb":{"runtime":22},"val_loss":0.035175060977538426}