{"epoch":30,"train_loss":0.0321111606992506,"val_loss":0.034045329891145226,"_timestamp":1.7397082690984492e+09,"_runtime":33.188858124,"_step":30,"test_loss":0.03457538041402586,"_wandb":{"runtime":33}}