{"val_loss":0.043288829622835645,"_timestamp":1.7397040715485802e+09,"_runtime":63.155934206,"test_loss":0.04001816993262222,"_wandb":{"runtime":63},"_step":50,"epoch":50,"train_loss":0.04069981094336119}