{"epoch":30,"train_loss":0.03469145589844755,"val_loss":0.038828828937133374,"_timestamp":1.7397594845244024e+09,"_runtime":17.533990343,"test_loss":0.03454644397044411,"_wandb":{"runtime":17},"_step":30}