{"train_loss":0.03977587112358638,"val_loss":0.04048968508356699,"_timestamp":1.73975935540728e+09,"_runtime":8.718765133,"test_loss":0.04214390926063061,"_wandb":{"runtime":8},"_step":30,"epoch":30}