{"epoch":30,"train_loss":0.03286971338093281,"val_loss":0.03599321469664574,"test_loss":0.03844758624640795,"_wandb":{"runtime":12},"_timestamp":1.739708624011859e+09,"_runtime":12.395121566,"_step":30}