{"_wandb":{"runtime":11},"_timestamp":1.7397601641736128e+09,"_runtime":11.154219254,"_step":30,"epoch":30,"train_loss":0.03250640018112556,"val_loss":0.03664928022772074,"test_loss":0.035832857200201004}