{"_step":50,"epoch":50,"train_loss":0.03858393271244606,"val_loss":0.03858860387602666,"_timestamp":1.739759828939979e+09,"test_loss":0.03763594014337286,"_wandb":{"runtime":28},"_runtime":28.282586113}