{"train_loss":0.028461638084991137,"val_loss":0.03670801566171365,"_timestamp":1.7397059869190507e+09,"_runtime":76.833943484,"test_loss":0.03817548301391384,"_wandb":{"runtime":76},"_step":50,"epoch":50}