{"_runtime":44.709665519,"test_loss":0.03820023340203108,"_wandb":{"runtime":44},"_step":70,"epoch":70,"train_loss":0.02543860475685516,"val_loss":0.03971461756082699,"_timestamp":1.7397594644493117e+09}