{"train_loss":0.0332320275683494,"val_loss":0.03779771067918493,"_timestamp":1.7397063845195932e+09,"_runtime":23.760724569,"_step":30,"test_loss":0.037036079992639255,"_wandb":{"runtime":23},"epoch":30}