{"test_loss":0.03710078926346565,"_wandb":{"runtime":113},"_runtime":113.071308807,"_step":70,"epoch":70,"train_loss":0.029534721374796964,"val_loss":0.036906552803702655,"_timestamp":1.73970561017662e+09}