{"epoch":30,"train_loss":0.03821202926337719,"val_loss":0.037022154852747916,"_timestamp":1.7397592202346044e+09,"test_loss":0.038724678627988125,"_wandb":{"runtime":9},"_runtime":9.306691373,"_step":30}