{"_wandb":{"runtime":5},"val_loss":0.03781779695834432,"_timestamp":1.7397609052544074e+09,"_runtime":5.726982997,"_step":30,"epoch":30,"train_loss":0.03302428227137117,"test_loss":0.03649582922281254}