{"_timestamp":1.739705882498696e+09,"test_loss":0.03926632507723205,"_wandb":{"runtime":53},"_runtime":53.515356696,"_step":70,"epoch":70,"train_loss":0.03046878408735656,"val_loss":0.03413608178496361}