{"_runtime":77.430859313,"_step":50,"test_loss":0.0374176200497353,"_wandb":{"runtime":77},"epoch":50,"train_loss":0.03422951052280169,"val_loss":0.03737808605576427,"_timestamp":1.7397054615948722e+09}