{"_wandb":{"runtime":17},"_step":50,"epoch":50,"train_loss":0.034683157316839665,"val_loss":0.03780006308500704,"_timestamp":1.7397597856862028e+09,"_runtime":16.979821423,"test_loss":0.03630795053738568}