{"test_loss":0.03591066995531623,"_wandb":{"runtime":28},"val_loss":0.03342907281838498,"_timestamp":1.7397610598402314e+09,"_runtime":28.010461056,"_step":50,"epoch":50,"train_loss":0.030836145166882916}