{"train_loss":0.050911045814977914,"val_loss":0.0488802969455719,"_timestamp":1.7397077798323321e+09,"_runtime":11.363025382,"_step":30,"test_loss":0.05033611133694649,"_wandb":{"runtime":11},"epoch":30}