{"_runtime":98.121023588,"_step":70,"epoch":70,"train_loss":0.0281108564579731,"val_loss":0.03654590338085066,"test_loss":0.0367685007832704,"_wandb":{"runtime":98},"_timestamp":1.7397092988513176e+09}