{"_timestamp":1.7397057769668174e+09,"_runtime":21.216573339,"_step":30,"epoch":30,"test_loss":0.03771226389742479,"_wandb":{"runtime":21},"train_loss":0.03342985074158291,"val_loss":0.035296781348031867}