{"train_loss":0.04295814152274813,"val_loss":0.041789771512497305,"test_loss":0.046879093354083086,"_wandb":{"runtime":22},"_timestamp":1.7397063583955128e+09,"_runtime":22.078683323,"_step":30,"epoch":30}