{"_wandb":{"runtime":20},"epoch":70,"train_loss":0.0370746027789454,"val_loss":0.03874256861551354,"_timestamp":1.7397597662811725e+09,"_runtime":20.305151875,"_step":70,"test_loss":0.03731620545128742}