{"val_loss":0.036870334655619584,"_timestamp":1.7397605082260811e+09,"test_loss":0.035935648395840465,"_wandb":{"runtime":27},"_runtime":27.534979851,"_step":70,"epoch":70,"train_loss":0.03286789183831574}