{"_wandb":{"runtime":10},"_runtime":10.828549539,"_step":30,"epoch":30,"train_loss":0.027672116506706784,"val_loss":0.03637055978178978,"_timestamp":1.739759194284979e+09,"test_loss":0.03955549350274461}