{"_runtime":29.393616699,"_step":70,"test_loss":0.04587944470612066,"_wandb":{"runtime":29},"epoch":70,"train_loss":0.044616045904430475,"val_loss":0.04742632620036602,"_timestamp":1.7397054939257267e+09}