{"_step":70,"epoch":70,"train_loss":0.030153901817706916,"val_loss":0.0356665010164891,"_timestamp":1.7397056953415809e+09,"test_loss":0.038068947284237334,"_wandb":{"runtime":29},"_runtime":29.825675357}