{"_runtime":48.064886099,"_step":70,"epoch":70,"test_loss":0.03613705818642335,"_wandb":{"runtime":48},"train_loss":0.03259501281578494,"val_loss":0.034588956008000035,"_timestamp":1.7397074760400033e+09}