{"val_loss":0.03614272592081265,"_timestamp":1.739760433805115e+09,"_runtime":18.852495073,"_step":30,"test_loss":0.04042082130708682,"_wandb":{"runtime":18},"epoch":30,"train_loss":0.034710165415799916}