{"train_loss":0.03252510584683882,"val_loss":0.037582377987829124,"_timestamp":1.7397086649268136e+09,"_runtime":22.470034123,"test_loss":0.03613643891701143,"_wandb":{"runtime":22},"_step":30,"epoch":30}