{"test_loss":0.04028967392725357,"_wandb":{"runtime":33},"_runtime":33.400203642,"_step":50,"epoch":50,"train_loss":0.04196534135376259,"val_loss":0.044295165984129366,"_timestamp":1.7397089494862936e+09}