{"val_loss":0.037610949389636515,"_timestamp":1.7397063339128413e+09,"_runtime":22.300102712,"_step":50,"epoch":50,"test_loss":0.032769604586064816,"_wandb":{"runtime":22},"train_loss":0.033872519979480084}