{"_runtime":45.789094037,"_step":70,"test_loss":0.03558253911002435,"_wandb":{"runtime":45},"epoch":70,"train_loss":0.032797986664358646,"val_loss":0.03932651037231405,"_timestamp":1.7397607170625966e+09}