{"test_loss":0.04899283545830893,"_wandb":{"runtime":9},"_timestamp":1.739760215212086e+09,"_runtime":9.118892797,"_step":30,"epoch":30,"train_loss":0.04897253574893118,"val_loss":0.051385060466569044}