{"_timestamp":1.7397064836189182e+09,"_runtime":74.110998301,"_step":50,"test_loss":0.03779262208407468,"_wandb":{"runtime":74},"epoch":50,"train_loss":0.034467506882957306,"val_loss":0.037550155380542606}