{"_wandb":{"runtime":16},"_timestamp":1.7397606569161549e+09,"_runtime":16.36232389,"_step":50,"epoch":50,"train_loss":0.03687610332950817,"val_loss":0.038129396248786224,"test_loss":0.04032814296696222}