{"_runtime":68.847038442,"_step":50,"epoch":50,"train_loss":0.02652112717245637,"val_loss":0.03795645910158622,"test_loss":0.03886711212097231,"_wandb":{"runtime":68},"_timestamp":1.7397082111638193e+09}