{"_timestamp":1.7397065790776372e+09,"_runtime":92.763514436,"test_loss":0.03628886036028195,"_wandb":{"runtime":92},"_step":70,"epoch":70,"train_loss":0.03136708666911212,"val_loss":0.03590488947015636}