{"test_loss":0.03497521121615684,"_wandb":{"runtime":111},"val_loss":0.03574069382489792,"_timestamp":1.7397051545014784e+09,"_runtime":111.563977514,"_step":70,"epoch":70,"train_loss":0.03182432311435256}