{"_wandb":{"runtime":16},"epoch":50,"train_loss":0.030390170868486166,"val_loss":0.035141842679253646,"_timestamp":1.7397598478834422e+09,"_runtime":16.127661998,"_step":50,"test_loss":0.03729417188073038}