{"train_loss":0.03385502855090118,"val_loss":0.03675971312388297,"_timestamp":1.7397600340589244e+09,"_runtime":10.270380351,"test_loss":0.037437849589401766,"_wandb":{"runtime":10},"_step":30,"epoch":30}