{"train_loss":0.032852923351391734,"val_loss":0.038436038975978824,"_timestamp":1.7397042496280458e+09,"_runtime":84.605352641,"_step":70,"epoch":70,"test_loss":0.03595012632247649,"_wandb":{"runtime":84}}