{"epoch":30,"train_loss":0.03165452078511028,"val_loss":0.035866873277547326,"_timestamp":1.7397091010888336e+09,"test_loss":0.03820274243181622,"_wandb":{"runtime":36},"_runtime":36.245571452,"_step":30}