{"val_loss":0.03523053364320235,"_timestamp":1.7397073741930728e+09,"_runtime":20.024739659,"_step":50,"epoch":50,"train_loss":0.033388516774153436,"test_loss":0.0366073183906384,"_wandb":{"runtime":20}}