{"train_loss":0.03505693563319584,"val_loss":0.036189589141444725,"_timestamp":1.739707653715992e+09,"_runtime":27.630093779,"_step":70,"test_loss":0.03524115945522984,"_wandb":{"runtime":27},"epoch":70}