{"_timestamp":1.7397067895957994e+09,"_runtime":44.726067976,"_step":30,"test_loss":0.035969387436354604,"_wandb":{"runtime":44},"epoch":30,"train_loss":0.0328410894518238,"val_loss":0.04092871258881959}