{"test_loss":0.03883783371808628,"_wandb":{"runtime":33},"val_loss":0.03800188384151885,"_timestamp":1.7397604692038653e+09,"_runtime":33.159566176,"_step":70,"epoch":70,"train_loss":0.031219113534661353}