{"train_loss":0.04960401996708753,"val_loss":0.0514087618461677,"test_loss":0.04937568270578617,"_wandb":{"runtime":27},"_timestamp":1.7397066092423031e+09,"_runtime":27.420615889,"_step":70,"epoch":70}