{"_wandb":{"runtime":64},"val_loss":0.0431964206016239,"_timestamp":1.739708731893639e+09,"_runtime":64.268685012,"_step":50,"epoch":50,"train_loss":0.039820888922977624,"test_loss":0.04259876681551818}