{"_timestamp":1.7397596762305896e+09,"_runtime":10.948189898,"_step":50,"test_loss":0.0375859172642231,"_wandb":{"runtime":11},"epoch":50,"train_loss":0.028358852461978945,"val_loss":0.04034724036852519}