{"val_loss":0.04185741724303135,"_timestamp":1.7397607402824142e+09,"_runtime":20.367083604,"test_loss":0.04448610697918146,"_wandb":{"runtime":20},"_step":70,"epoch":70,"train_loss":0.044617078568266834}