{"_timestamp":1.739760988320366e+09,"_runtime":19.982757117,"_step":30,"test_loss":0.03390960169014751,"_wandb":{"runtime":20},"epoch":30,"train_loss":0.030607355805943332,"val_loss":0.03846403930336237}