{"train_loss":0.03440675017870596,"val_loss":0.038825906529313045,"_timestamp":1.7397605521377277e+09,"test_loss":0.03804075142125721,"_wandb":{"runtime":41},"_runtime":41.141647196,"_step":70,"epoch":70}