{"test_loss":0.04780490238529941,"_wandb":{"runtime":13},"train_loss":0.05103776194734277,"val_loss":0.048473224947776866,"_timestamp":1.7397069561196568e+09,"_runtime":13.617184461,"_step":30,"epoch":30}