{"epoch":50,"train_loss":0.030848747239031804,"val_loss":0.03632070621593841,"_timestamp":1.739708555312622e+09,"_runtime":68.422976185,"test_loss":0.034278246594132276,"_wandb":{"runtime":68},"_step":50}