{"val_loss":0.038296972667532306,"_timestamp":1.739706093260147e+09,"_runtime":25.268037054,"_step":30,"epoch":30,"test_loss":0.041518891195732134,"_wandb":{"runtime":25},"train_loss":0.036203658220870544}