{"_timestamp":1.7397060652505338e+09,"_runtime":37.914775721,"_step":50,"test_loss":0.04258555038056026,"_wandb":{"runtime":37},"epoch":50,"train_loss":0.04196181207720334,"val_loss":0.04230633130230542}