{"val_loss":0.03655610285699368,"_timestamp":1.7397596625418475e+09,"test_loss":0.03591202789296707,"_wandb":{"runtime":14},"_runtime":14.362133853,"_step":70,"epoch":70,"train_loss":0.03188905005105013}