{"_timestamp":1.739760000007573e+09,"_runtime":13.794852702,"_step":70,"epoch":70,"test_loss":0.03675528468662187,"_wandb":{"runtime":13},"train_loss":0.030157521795267345,"val_loss":0.038248837417499584}