{"_wandb":{"runtime":29},"_runtime":29.19596775,"_step":50,"epoch":50,"train_loss":0.02869159976177363,"val_loss":0.035220753636964586,"_timestamp":1.7397611778444138e+09,"test_loss":0.03821889516853151}