{"val_loss":0.03613911125115877,"_timestamp":1.739705040240646e+09,"test_loss":0.035281656745900496,"_wandb":{"runtime":44},"_runtime":44.301091818,"_step":50,"epoch":50,"train_loss":0.02693283677349488}