{"_wandb":{"runtime":20},"epoch":50,"train_loss":0.0365672962507233,"val_loss":0.03696537719896206,"_timestamp":1.7397060249412012e+09,"_runtime":20.028238404,"_step":50,"test_loss":0.040659904818643226}