{"_timestamp":1.739760811648457e+09,"_runtime":41.967716904,"_step":70,"test_loss":0.03843830106779933,"_wandb":{"runtime":42},"epoch":70,"train_loss":0.028451018515712176,"val_loss":0.03589950656638511}