{"val_loss":0.04203740044914443,"test_loss":0.03837356847175892,"_wandb":{"runtime":9},"_timestamp":1.7397591251971269e+09,"_runtime":9.730728098,"_step":30,"epoch":30,"train_loss":0.038664912757201075}