{"epoch":70,"train_loss":0.028206817899442363,"test_loss":0.038222356375468815,"_wandb":{"runtime":88},"val_loss":0.03516690512099918,"_timestamp":1.7397039892185462e+09,"_runtime":88.653603712,"_step":70}