{"epoch":50,"train_loss":0.02611080448575846,"val_loss":0.039930198527872565,"_timestamp":1.7397600212470305e+09,"_runtime":18.757250208,"_step":50,"test_loss":0.038112361187284644,"_wandb":{"runtime":18}}