{"epoch":30,"train_loss":0.03162732167540872,"val_loss":0.03573235577781393,"test_loss":0.03685651033085847,"_wandb":{"runtime":14},"_timestamp":1.7397599667324238e+09,"_runtime":14.318530658,"_step":30}