{"_step":30,"epoch":30,"train_loss":0.03201715165629373,"val_loss":0.03688853122293949,"_timestamp":1.739759975066693e+09,"_runtime":5.858311938,"test_loss":0.034727048380552114,"_wandb":{"runtime":5}}