{"_step":50,"test_loss":0.04225031534374198,"_wandb":{"runtime":37},"epoch":50,"train_loss":0.039892319066918154,"val_loss":0.039519089817379914,"_timestamp":1.7397063090970066e+09,"_runtime":37.530297149}