{"test_loss":0.03606475050091967,"_wandb":{"runtime":35},"_step":70,"epoch":70,"train_loss":0.028825217432561986,"val_loss":0.03631340146530419,"_timestamp":1.7397600716758087e+09,"_runtime":35.071247256}