{"train_loss":0.04163603773397371,"val_loss":0.040545547464445456,"_timestamp":1.7397089726439373e+09,"_runtime":20.439628685,"test_loss":0.04228422649099793,"_wandb":{"runtime":20},"_step":30,"epoch":30}