{"_timestamp":1.7397043604064379e+09,"_runtime":19.72782744,"_step":30,"epoch":30,"test_loss":0.0389039408794399,"_wandb":{"runtime":19},"train_loss":0.033254929834178514,"val_loss":0.036539464157872965}