{"val_loss":0.03459685709571741,"_timestamp":1.7397043380865939e+09,"_runtime":85.988427237,"test_loss":0.03874454264970202,"_wandb":{"runtime":85},"_step":70,"epoch":70,"train_loss":0.03324097701086387}