{
    "1": {
        "position": [
            -0.0324967821316652,
            -0.050746201894815914,
            0.0016948136630915126
        ],
        "orientation_wxyz": [
            -0.6931897601955533,
            0.7207436330847632,
            0.0031480984549730638,
            0.002580930825421461
        ]
    }
}