{"_step":30,"test_loss":0.036971862553744704,"_wandb":{"runtime":11},"epoch":30,"train_loss":0.030233807895671237,"val_loss":0.03687154285369381,"_timestamp":1.7397041348941703e+09,"_runtime":11.602074005}