{"val_loss":0.043392036540003925,"test_loss":0.04448801791295409,"_wandb":{"runtime":29},"_timestamp":1.7397070528410552e+09,"_runtime":29.026697079,"_step":70,"epoch":70,"train_loss":0.04290330129594583}