{"_step":30,"test_loss":0.04368946485982467,"_wandb":{"runtime":40},"epoch":30,"train_loss":0.04254087152930356,"val_loss":0.045013956216005784,"_timestamp":1.7397079259840236e+09,"_runtime":40.181928209}