{"_step":70,"epoch":70,"train_loss":0.029753069870816874,"val_loss":0.03882169107405039,"_timestamp":1.739706824099441e+09,"test_loss":0.03861395836186906,"_wandb":{"runtime":31},"_runtime":31.921540564}