{"val_loss":0.04697409746321765,"_timestamp":1.7397609175219035e+09,"_runtime":9.29291876,"_step":50,"test_loss":0.04340166443337997,"_wandb":{"runtime":9},"epoch":50,"train_loss":0.0424001640045738}