{"_runtime":53.224251193,"test_loss":0.03479448933450675,"_wandb":{"runtime":53},"_step":70,"epoch":70,"train_loss":0.028113527314459114,"val_loss":0.03713470607482154,"_timestamp":1.7397073514329548e+09}