{"_runtime":31.49551601,"_step":70,"epoch":70,"train_loss":0.029661332287461213,"test_loss":0.0362387253344059,"_wandb":{"runtime":31},"val_loss":0.03720250353217125,"_timestamp":1.739705810814746e+09}