{"_timestamp":1.7397606688733816e+09,"_runtime":9.376023812,"_step":30,"epoch":30,"train_loss":0.03437260844524429,"test_loss":0.032182467605997904,"_wandb":{"runtime":9},"val_loss":0.03638723774000685}