{"test_loss":0.03827334428206086,"_wandb":{"runtime":7},"_timestamp":1.739760749637884e+09,"_runtime":7.013508191,"_step":30,"epoch":30,"train_loss":0.03286607083391378,"val_loss":0.038908077160949295}