{"_runtime":20.691852283,"_step":50,"test_loss":0.04313527219193546,"_wandb":{"runtime":20},"epoch":50,"train_loss":0.04464011622799768,"val_loss":0.04623672878369689,"_timestamp":1.7397095269571855e+09}