{"_step":30,"test_loss":0.045608940203824354,"_wandb":{"runtime":39},"epoch":30,"train_loss":0.04139151608713935,"val_loss":0.042317047125742406,"_timestamp":1.7397095033431969e+09,"_runtime":39.528963245}