{"test_loss":0.03441614710027352,"_wandb":{"runtime":5},"val_loss":0.035917434530953564,"_timestamp":1.7397600897900221e+09,"_runtime":5.814005245,"_step":30,"epoch":30,"train_loss":0.0331372152180656}