{"_wandb":{"runtime":36},"val_loss":0.035328109590138525,"_timestamp":1.7397603964173927e+09,"_runtime":36.543483227,"_step":70,"epoch":70,"train_loss":0.026214388157072735,"test_loss":0.038952919676206836}