{"train_loss":0.04035486185356327,"val_loss":0.03950413471048183,"test_loss":0.03969188331550843,"_wandb":{"runtime":33},"_timestamp":1.739708326433586e+09,"_runtime":33.078985067,"_step":50,"epoch":50}