{"_timestamp":1.7397080485449722e+09,"_runtime":95.776173177,"_step":70,"epoch":70,"train_loss":0.032349190815159724,"val_loss":0.03657465959312739,"test_loss":0.03667253424083033,"_wandb":{"runtime":95}}