{"epoch":30,"train_loss":0.035102230377812335,"val_loss":0.03703824901022017,"_timestamp":1.7397041206450064e+09,"_runtime":19.411138315,"test_loss":0.03809721867755516,"_wandb":{"runtime":19},"_step":30}