{"epoch":50,"train_loss":0.03788437422451084,"test_loss":0.038056487862307295,"_wandb":{"runtime":34},"val_loss":0.03812226839363575,"_timestamp":1.7397094610707517e+09,"_runtime":34.344545206,"_step":50}