{"_runtime":8.925098617,"_step":50,"epoch":50,"train_loss":0.03751044209207316,"val_loss":0.0408575155127507,"test_loss":0.03866990818045078,"_wandb":{"runtime":8},"_timestamp":1.739760203722517e+09}