{"_timestamp":1.7397592644424622e+09,"test_loss":0.037213345928966295,"_wandb":{"runtime":41},"_runtime":41.525319412,"_step":70,"epoch":70,"train_loss":0.024798029838856442,"val_loss":0.03981051404486623}