{"_wandb":{"runtime":19},"val_loss":0.036123702694710935,"_timestamp":1.7397077659900956e+09,"_runtime":19.852391618,"_step":50,"epoch":50,"train_loss":0.032754303180461464,"test_loss":0.033867583920558296}