{"val_loss":0.034971099346876144,"_timestamp":1.7397072957727861e+09,"_runtime":22.825797741,"_step":50,"epoch":50,"train_loss":0.03166820240951089,"test_loss":0.036950561528404556,"_wandb":{"runtime":22}}