{"epoch":30,"train_loss":0.03069182257822638,"val_loss":0.03502571162093302,"test_loss":0.03568691735834641,"_wandb":{"runtime":20},"_timestamp":1.7397591125412593e+09,"_runtime":20.571514578,"_step":30}