{"_timestamp":1.7397603053067625e+09,"_runtime":22.384295071,"_step":70,"epoch":70,"train_loss":0.036122066085823835,"test_loss":0.03595775829509218,"_wandb":{"runtime":22},"val_loss":0.03821133109259194}