{"train_loss":0.034473452363139076,"val_loss":0.036524619131038584,"_timestamp":1.7397601921440585e+09,"_runtime":25.095383002,"_step":50,"test_loss":0.03515363054009535,"_wandb":{"runtime":25},"epoch":50}