{"epoch":50,"train_loss":0.033691614017841195,"val_loss":0.03577173788410922,"_timestamp":1.7397608825721903e+09,"_runtime":13.04923168,"_step":50,"test_loss":0.03690230375976258,"_wandb":{"runtime":13}}