{"test_loss":0.03885655221529305,"_wandb":{"runtime":9},"val_loss":0.035971652095516525,"_timestamp":1.7397611144909685e+09,"_runtime":9.036368641,"_step":50,"epoch":50,"train_loss":0.035154529773827756}