{"val_loss":0.037816841307343266,"_timestamp":1.739708608876015e+09,"_runtime":50.828636452,"test_loss":0.03865092172426112,"_wandb":{"runtime":50},"_step":70,"epoch":70,"train_loss":0.03764122526186543}