{"train_loss":0.02970092186328505,"val_loss":0.034330203109798396,"_timestamp":1.739708139491422e+09,"_runtime":88.20903551,"test_loss":0.03554662739498967,"_wandb":{"runtime":88},"_step":70,"epoch":70}