{"test_loss":0.03684550036604588,"_wandb":{"runtime":5},"epoch":30,"train_loss":0.0323381588539286,"val_loss":0.03587298800370523,"_timestamp":1.7397599837292974e+09,"_runtime":5.761902205,"_step":30}