{"val_loss":0.03510814790542309,"test_loss":0.03657729344235526,"_wandb":{"runtime":21},"_timestamp":1.7397061169049308e+09,"_runtime":21.361268786,"_step":50,"epoch":50,"train_loss":0.03147685901388864}