{"_step":30,"epoch":30,"train_loss":0.032476194244757124,"test_loss":0.03485007545289894,"_wandb":{"runtime":12},"val_loss":0.03556221030885354,"_timestamp":1.7397091173273132e+09,"_runtime":12.860054969}