{"_wandb":{"runtime":25},"_runtime":25.268712858,"_step":70,"epoch":70,"train_loss":0.03569801818557392,"val_loss":0.03708528273779413,"_timestamp":1.7397041625949895e+09,"test_loss":0.03604336051891247}