{"epoch":50,"train_loss":0.030026418535471822,"val_loss":0.035320948309857735,"_timestamp":1.739759931618363e+09,"_runtime":27.126594944,"_step":50,"test_loss":0.039345919605224364,"_wandb":{"runtime":27}}