{"_timestamp":1.7397067056732914e+09,"_runtime":93.988520202,"_step":70,"test_loss":0.03856556790866429,"_wandb":{"runtime":94},"epoch":70,"train_loss":0.031653363531410864,"val_loss":0.03456279039751775}