{"_timestamp":1.739760854718719e+09,"_runtime":15.325553665,"_step":50,"test_loss":0.041645443831619465,"_wandb":{"runtime":15},"epoch":50,"train_loss":0.040312216386472415,"val_loss":0.04422307670624419}