{"_timestamp":1.739706407062654e+09,"test_loss":0.037118098470899794,"_wandb":{"runtime":20},"_runtime":20.083060904,"_step":50,"epoch":50,"train_loss":0.027621609531342982,"val_loss":0.03589747639165984}