{"val_loss":0.05416041547837465,"_timestamp":1.7397610682775753e+09,"_runtime":6.181852435,"test_loss":0.05128233119224509,"_wandb":{"runtime":6},"_step":30,"epoch":30,"train_loss":0.05187682855256739}