{"_runtime":10.345908864,"_step":50,"epoch":50,"train_loss":0.03355656000296714,"test_loss":0.03597185970284045,"_wandb":{"runtime":10},"val_loss":0.03665618881069381,"_timestamp":1.7397593679364285e+09}