{"test_loss":0.03560702685000641,"_wandb":{"runtime":61},"epoch":50,"train_loss":0.031036943693081256,"val_loss":0.03386523316148669,"_timestamp":1.7397094241824765e+09,"_runtime":61.865684157,"_step":50}