{"test_loss":0.04088524618047349,"_wandb":{"runtime":21},"train_loss":0.030897737351980637,"val_loss":0.037298860847949984,"_timestamp":1.739707950261061e+09,"_runtime":21.554873807,"_step":30,"epoch":30}