{"_wandb":{"runtime":42},"epoch":30,"train_loss":0.030443622530048838,"val_loss":0.038546165509099985,"_timestamp":1.7397072203553092e+09,"_runtime":42.736169848,"_step":30,"test_loss":0.036673247329587856}