{"epoch":70,"test_loss":0.03598241925600075,"_wandb":{"runtime":49},"train_loss":0.03116428187405247,"val_loss":0.032502597128903424,"_timestamp":1.7397595359612808e+09,"_runtime":48.962309104,"_step":70}