{"val_loss":0.03687601137840957,"_timestamp":1.7397610065936756e+09,"_runtime":15.929655509,"_step":50,"epoch":50,"train_loss":0.02868793999714499,"test_loss":0.036899628989557,"_wandb":{"runtime":16}}