{"val_loss":0.03387443804078632,"_timestamp":1.7397593898892293e+09,"_runtime":7.334916511,"_step":30,"epoch":30,"train_loss":0.03221153552248996,"test_loss":0.0356054874509573,"_wandb":{"runtime":7}}