{"val_loss":0.037883414718948426,"_timestamp":1.7397072701773572e+09,"_runtime":47.175653785,"_step":30,"epoch":30,"train_loss":0.030445099565243713,"test_loss":0.0334945373056877,"_wandb":{"runtime":47}}