{"val_loss":0.03666790378583449,"_timestamp":1.7397601505852776e+09,"test_loss":0.03429112955927849,"_wandb":{"runtime":40},"_runtime":40.476856996,"_step":70,"epoch":70,"train_loss":0.03065645523597231}