{"_timestamp":1.7397611456530151e+09,"_runtime":28.51791374,"_step":50,"test_loss":0.03845944479908994,"_wandb":{"runtime":28},"epoch":50,"train_loss":0.0360979250064462,"val_loss":0.03414816795460259}