{"_step":30,"epoch":30,"train_loss":0.032496324705487904,"val_loss":0.03669989870294281,"test_loss":0.03401901801892867,"_wandb":{"runtime":6},"_timestamp":1.7397590887999613e+09,"_runtime":6.798647324}