{"val_loss":0.036138248257339,"_timestamp":1.739706997019956e+09,"_runtime":38.429097297,"_step":50,"test_loss":0.03470018876221361,"_wandb":{"runtime":38},"epoch":50,"train_loss":0.031717637475977195}