{"_wandb":{"runtime":29},"epoch":70,"train_loss":0.03307754510602394,"val_loss":0.03610465127755614,"_timestamp":1.7397603570537002e+09,"_runtime":29.029028013,"_step":70,"test_loss":0.035499625542062395}