{"test_loss":0.03609136052389619,"_wandb":{"runtime":44},"_runtime":44.364089383,"_step":30,"epoch":30,"train_loss":0.03274364758342188,"val_loss":0.03793812039341912,"_timestamp":1.7397071749200964e+09}