{"train_loss":0.03284536461261186,"val_loss":0.035716138283411664,"_timestamp":1.7397074256103559e+09,"test_loss":0.03712101424780657,"_wandb":{"runtime":23},"_runtime":23.734762131,"_step":70,"epoch":70}