{"test_loss":0.051740663525249274,"_wandb":{"runtime":13},"_step":30,"epoch":30,"train_loss":0.04929215675779705,"val_loss":0.05247451721326164,"_timestamp":1.7397060026457794e+09,"_runtime":12.992451343}