{"_step":70,"test_loss":0.036939161500948316,"_wandb":{"runtime":12},"epoch":70,"train_loss":0.030852104574230245,"val_loss":0.03702027828473112,"_timestamp":1.7397598631359289e+09,"_runtime":12.707324648}