{"train_loss":0.030692400697147047,"val_loss":0.03360170835719233,"_timestamp":1.7397606377762508e+09,"_runtime":51.47322761,"_step":70,"epoch":70,"test_loss":0.03578517032206379,"_wandb":{"runtime":51}}