{"test_loss":0.03725616558732694,"_wandb":{"runtime":36},"_timestamp":1.739759901540613e+09,"_runtime":36.06568701,"_step":50,"epoch":50,"train_loss":0.024483822699419164,"val_loss":0.03541298093910836}