{"epoch":30,"train_loss":0.03188186270191065,"test_loss":0.03618413306051685,"_wandb":{"runtime":46},"val_loss":0.03466459185621896,"_timestamp":1.7397062209022384e+09,"_runtime":46.783529846,"_step":30}