{"test_loss":0.035500755074864894,"_wandb":{"runtime":22},"train_loss":0.03512027106956917,"val_loss":0.03821938354125683,"_timestamp":1.7397059076165102e+09,"_runtime":22.272029614,"_step":30,"epoch":30}