{"val_loss":0.03459685709571741,"_timestamp":1.7397088894221854e+09,"_runtime":85.419446539,"_step":70,"epoch":70,"train_loss":0.03324097701086387,"test_loss":0.03874454264970202,"_wandb":{"runtime":85}}