{"test_loss":0.03797281350682866,"_wandb":{"runtime":15},"_runtime":15.127574692,"_step":30,"epoch":30,"train_loss":0.03780876383465785,"val_loss":0.038449406091656,"_timestamp":1.7397596452863243e+09}