{"test_loss":0.03558217492042426,"_wandb":{"runtime":66},"val_loss":0.037983125158986906,"_timestamp":1.7397088007385375e+09,"_runtime":66.239200931,"_step":50,"epoch":50,"train_loss":0.02902393418260599}