{"val_loss":0.03448976490957042,"_timestamp":1.7397091980348685e+09,"_runtime":55.469093589,"_step":70,"test_loss":0.03723505016495573,"_wandb":{"runtime":55},"epoch":70,"train_loss":0.029908518764320054}