{"_step":50,"epoch":50,"train_loss":0.037861229064426336,"test_loss":0.038441612881918746,"_wandb":{"runtime":32},"val_loss":0.03801232934116371,"_timestamp":1.739707883024644e+09,"_runtime":32.848456114}