{"train_loss":0.032392269727345345,"val_loss":0.03534833345048387,"_timestamp":1.7397061710132642e+09,"test_loss":0.03804753067200644,"_wandb":{"runtime":51},"_runtime":51.852986506,"_step":70,"epoch":70}