{"_step":70,"epoch":70,"train_loss":0.03394574891879327,"val_loss":0.03604866085307939,"_timestamp":1.739759181114688e+09,"_runtime":23.669643092,"test_loss":0.035772635116123816,"_wandb":{"runtime":23}}