{"_step":50,"test_loss":0.03799485860635405,"_wandb":{"runtime":15},"epoch":50,"train_loss":0.031024592931182603,"val_loss":0.03899580103002096,"_timestamp":1.7397601079464993e+09,"_runtime":15.854154124}