{"_wandb":{"runtime":7},"_step":30,"epoch":30,"train_loss":0.03505039138501973,"val_loss":0.034119753238673396,"_timestamp":1.7397597430505447e+09,"_runtime":7.20328497,"test_loss":0.03839414496906102}