{"val_loss":0.03740920981063562,"test_loss":0.03470084450852413,"_wandb":{"runtime":9},"_timestamp":1.7397602804400887e+09,"_runtime":9.455137836,"_step":50,"epoch":50,"train_loss":0.036203707172267736}