{"train_loss":0.029061143318496976,"val_loss":0.03724472123113545,"_timestamp":1.7397599494600523e+09,"_runtime":15.067602373,"_step":50,"test_loss":0.03554448590760952,"_wandb":{"runtime":15},"epoch":50}