{"epoch":70,"train_loss":0.0344891857755723,"test_loss":0.038193685383620585,"_wandb":{"runtime":12},"val_loss":0.0327671617269516,"_timestamp":1.7397604122192216e+09,"_runtime":12.924607711,"_step":70}