{"val_loss":0.037571494157115616,"_timestamp":1.7397595521417384e+09,"_runtime":13.428301539,"_step":70,"epoch":70,"test_loss":0.03778811871748546,"_wandb":{"runtime":13},"train_loss":0.03663953547284268}