{"_timestamp":1.7397086399688258e+09,"test_loss":0.03537095027665297,"_wandb":{"runtime":13},"_runtime":13.50980853,"_step":30,"epoch":30,"train_loss":0.03257603457313962,"val_loss":0.038958705133861966}