{"test_loss":0.03721393762949716,"_wandb":{"runtime":30},"epoch":50,"train_loss":0.030276799468057496,"val_loss":0.03686173300355159,"_timestamp":1.7397593441042478e+09,"_runtime":30.690979292,"_step":50}