{
    "1": {
        "position": [
            0.0715,
            0.0,
            0.0
        ],
        "orientation_wxyz": [
            0.5,
            0.5,
            -0.5,
            -0.5
        ]
    },
    "2": {
        "position": [
            0.0715,
            0.0,
            0.0
        ],
        "orientation_wxyz": [
            0.27059805007309845,
            0.27059805007309845,
            -0.6532814824381883,
            -0.6532814824381883
        ]
    },
    "3": {
        "position": [
            0.0715,
            0.0,
            0.0
        ],
        "orientation_wxyz": [
            0.6532814824381883,
            0.6532814824381883,
            -0.27059805007309845,
            -0.27059805007309845
        ]
    },
    "4": {
        "position": [
            0.0715,
            0.022875,
            0.0
        ],
        "orientation_wxyz": [
            0.5,
            0.5,
            -0.5,
            -0.5
        ]
    },
    "5": {
        "position": [
            0.0715,
            0.022875,
            0.0
        ],
        "orientation_wxyz": [
            0.27059805007309845,
            0.27059805007309845,
            -0.6532814824381883,
            -0.6532814824381883
        ]
    },
    "6": {
        "position": [
            0.0715,
            0.022875,
            0.0
        ],
        "orientation_wxyz": [
            0.6532814824381883,
            0.6532814824381883,
            -0.27059805007309845,
            -0.27059805007309845
        ]
    },
    "7": {
        "position": [
            0.0715,
            -0.022875,
            0.0
        ],
        "orientation_wxyz": [
            0.5,
            0.5,
            -0.5,
            -0.5
        ]
    },
    "8": {
        "position": [
            0.0715,
            -0.022875,
            0.0
        ],
        "orientation_wxyz": [
            0.27059805007309845,
            0.27059805007309845,
            -0.6532814824381883,
            -0.6532814824381883
        ]
    },
    "9": {
        "position": [
            0.0715,
            -0.022875,
            0.0
        ],
        "orientation_wxyz": [
            0.6532814824381883,
            0.6532814824381883,
            -0.27059805007309845,
            -0.27059805007309845
        ]
    },
    "10": {
        "position": [
            0.0,
            0.04575,
            0.0
        ],
        "orientation_wxyz": [
            0.7071067811865476,
            0.7071067811865476,
            0.0,
            0.0
        ]
    },
    "11": {
        "position": [
            0.0,
            0.04575,
            0.0
        ],
        "orientation_wxyz": [
            0.6532814824381883,
            0.6532814824381883,
            -0.2705980500730985,
            -0.2705980500730985
        ]
    },
    "12": {
        "position": [
            0.0,
            0.04575,
            0.0
        ],
        "orientation_wxyz": [
            0.6532814824381883,
            0.6532814824381883,
            0.2705980500730985,
            0.2705980500730985
        ]
    },
    "13": {
        "position": [
            0.03575,
            0.04575,
            0.0
        ],
        "orientation_wxyz": [
            0.7071067811865476,
            0.7071067811865476,
            0.0,
            0.0
        ]
    },
    "14": {
        "position": [
            0.03575,
            0.04575,
            0.0
        ],
        "orientation_wxyz": [
            0.6532814824381883,
            0.6532814824381883,
            -0.2705980500730985,
            -0.2705980500730985
        ]
    },
    "15": {
        "position": [
            0.03575,
            0.04575,
            0.0
        ],
        "orientation_wxyz": [
            0.6532814824381883,
            0.6532814824381883,
            0.2705980500730985,
            0.2705980500730985
        ]
    },
    "16": {
        "position": [
            -0.03575,
            0.04575,
            0.0
        ],
        "orientation_wxyz": [
            0.7071067811865476,
            0.7071067811865476,
            0.0,
            0.0
        ]
    },
    "17": {
        "position": [
            -0.03575,
            0.04575,
            0.0
        ],
        "orientation_wxyz": [
            0.6532814824381883,
            0.6532814824381883,
            -0.2705980500730985,
            -0.2705980500730985
        ]
    },
    "18": {
        "position": [
            -0.03575,
            0.04575,
            0.0
        ],
        "orientation_wxyz": [
            0.6532814824381883,
            0.6532814824381883,
            0.2705980500730985,
            0.2705980500730985
        ]
    },
    "19": {
        "position": [
            0.0,
            -0.04575,
            0.0
        ],
        "orientation_wxyz": [
            -0.0,
            0.0,
            0.7071067811865476,
            0.7071067811865476
        ]
    },
    "20": {
        "position": [
            0.0,
            -0.04575,
            0.0
        ],
        "orientation_wxyz": [
            0.2705980500730985,
            0.2705980500730985,
            0.6532814824381883,
            0.6532814824381883
        ]
    },
    "21": {
        "position": [
            0.0,
            -0.04575,
            0.0
        ],
        "orientation_wxyz": [
            -0.2705980500730985,
            -0.2705980500730985,
            0.6532814824381883,
            0.6532814824381883
        ]
    },
    "22": {
        "position": [
            0.03575,
            -0.04575,
            0.0
        ],
        "orientation_wxyz": [
            -0.0,
            0.0,
            0.7071067811865476,
            0.7071067811865476
        ]
    },
    "23": {
        "position": [
            0.03575,
            -0.04575,
            0.0
        ],
        "orientation_wxyz": [
            0.2705980500730985,
            0.2705980500730985,
            0.6532814824381883,
            0.6532814824381883
        ]
    },
    "24": {
        "position": [
            0.03575,
            -0.04575,
            0.0
        ],
        "orientation_wxyz": [
            -0.2705980500730985,
            -0.2705980500730985,
            0.6532814824381883,
            0.6532814824381883
        ]
    },
    "25": {
        "position": [
            -0.03575,
            -0.04575,
            0.0
        ],
        "orientation_wxyz": [
            -0.0,
            0.0,
            0.7071067811865476,
            0.7071067811865476
        ]
    },
    "26": {
        "position": [
            -0.03575,
            -0.04575,
            0.0
        ],
        "orientation_wxyz": [
            0.2705980500730985,
            0.2705980500730985,
            0.6532814824381883,
            0.6532814824381883
        ]
    },
    "27": {
        "position": [
            -0.03575,
            -0.04575,
            0.0
        ],
        "orientation_wxyz": [
            -0.2705980500730985,
            -0.2705980500730985,
            0.6532814824381883,
            0.6532814824381883
        ]
    },
    "28": {
        "position": [
            0.0715,
            0.04575,
            0.0
        ],
        "orientation_wxyz": [
            5.551115123125784e-17,
            0.8772029749484943,
            -0.4801197150102371,
            -5.551115123125784e-17
        ]
    },
    "29": {
        "position": [
            0.0715,
            0.04575,
            0.0
        ],
        "orientation_wxyz": [
            -0.1837338604862662,
            0.8104298744129249,
            -0.44357277785311006,
            -0.3356910453341577
        ]
    },
    "30": {
        "position": [
            0.0715,
            0.04575,
            0.0
        ],
        "orientation_wxyz": [
            0.1837338604862663,
            0.8104298744129249,
            -0.44357277785311006,
            0.3356910453341576
        ]
    },