{
    "1": {
        "position": [
            0.0,
            0.0,
            0.0
        ],
        "orientation_wxyz": [
            5.551115123125784e-17,
            0.7071067811865476,
            -0.7071067811865476,
            -5.551115123125784e-17
        ]
    },
    "2": {
        "position": [
            0.0,
            0.0,
            0.0
        ],
        "orientation_wxyz": [
            -0.27059805007309845,
            0.6532814824381883,
            -0.6532814824381883,
            -0.27059805007309856
        ]
    },
    "3": {
        "position": [
            0.0,
            0.0,
            0.0
        ],
        "orientation_wxyz": [
            0.27059805007309856,
            0.6532814824381883,
            -0.6532814824381883,
            0.27059805007309845
        ]
    },
    "4": {
        "position": [
            0.0,
            0.022875,
            0.0
        ],
        "orientation_wxyz": [
            5.551115123125784e-17,
            0.7071067811865476,
            -0.7071067811865476,
            -5.551115123125784e-17
        ]
    },
    "5": {
        "position": [
            0.0,
            0.022875,
            0.0
        ],
        "orientation_wxyz": [
            -0.27059805007309845,
            0.6532814824381883,
            -0.6532814824381883,
            -0.27059805007309856
        ]
    },
    "6": {
        "position": [
            0.0,
            0.022875,
            0.0
        ],
        "orientation_wxyz": [
            0.27059805007309856,
            0.6532814824381883,
            -0.6532814824381883,
            0.27059805007309845
        ]
    },
    "7": {
        "position": [
            0.0,
            -0.022875,
            0.0
        ],
        "orientation_wxyz": [
            5.551115123125784e-17,
            0.7071067811865476,
            -0.7071067811865476,
            -5.551115123125784e-17
        ]
    },
    "8": {
        "position": [
            0.0,
            -0.022875,
            0.0
        ],
        "orientation_wxyz": [
            -0.27059805007309845,
            0.6532814824381883,
            -0.6532814824381883,
            -0.27059805007309856
        ]
    },
    "9": {
        "position": [
            0.0,
            -0.022875,
            0.0
        ],
        "orientation_wxyz": [
            0.27059805007309856,
            0.6532814824381883,
            -0.6532814824381883,
            0.27059805007309845
        ]
    },
    "10": {
        "position": [
            0.0,
            0.04575,
            0.0
        ],
        "orientation_wxyz": [
            1.1102230246251568e-16,
            1.0,
            0.0,
            0.0
        ]
    },
    "11": {
        "position": [
            0.0,
            0.04575,
            0.0
        ],
        "orientation_wxyz": [
            1.0257123289739567e-16,
            0.9238795325112867,
            -4.248639577543066e-17,
            -0.3826834323650898
        ]
    },
    "12": {
        "position": [
            0.0,
            0.04575,
            0.0
        ],
        "orientation_wxyz": [
            1.0257123289739567e-16,
            0.9238795325112867,
            4.248639577543066e-17,
            0.3826834323650898
        ]
    },
    "13": {
        "position": [
            0.03575,
            0.04575,
            0.0
        ],
        "orientation_wxyz": [
            1.1102230246251568e-16,
            1.0,
            0.0,
            0.0
        ]
    },
    "14": {
        "position": [
            0.03575,
            0.04575,
            0.0
        ],
        "orientation_wxyz": [
            1.0257123289739567e-16,
            0.9238795325112867,
            -4.248639577543066e-17,
            -0.3826834323650898
        ]
    },
    "15": {
        "position": [
            0.03575,
            0.04575,
            0.0
        ],
        "orientation_wxyz": [
            1.0257123289739567e-16,
            0.9238795325112867,
            4.248639577543066e-17,
            0.3826834323650898
        ]
    },
    "16": {
        "position": [
            -0.03575,
            0.04575,
            0.0
        ],
        "orientation_wxyz": [
            1.1102230246251568e-16,
            1.0,
            0.0,
            0.0
        ]
    },
    "17": {
        "position": [
            -0.03575,
            0.04575,
            0.0
        ],
        "orientation_wxyz": [
            1.0257123289739567e-16,
            0.9238795325112867,
            -4.248639577543066e-17,
            -0.3826834323650898
        ]
    },
    "18": {
        "position": [
            -0.03575,
            0.04575,
            0.0
        ],
        "orientation_wxyz": [
            1.0257123289739567e-16,
            0.9238795325112867,
            4.248639577543066e-17,
            0.3826834323650898
        ]
    },
    "19": {
        "position": [
            0.0,
            -0.04575,
            0.0
        ],
        "orientation_wxyz": [
            -0.0,
            0.0,
            1.0,
            1.1102230246251568e-16
        ]
    },
    "20": {
        "position": [
            0.0,
            -0.04575,
            0.0
        ],
        "orientation_wxyz": [
            0.3826834323650898,
            4.248639577543066e-17,
            0.9238795325112867,
            1.0257123289739567e-16
        ]
    },
    "21": {
        "position": [
            0.0,
            -0.04575,
            0.0
        ],
        "orientation_wxyz": [
            -0.3826834323650898,
            -4.248639577543066e-17,
            0.9238795325112867,
            1.0257123289739567e-16
        ]
    },
    "22": {
        "position": [
            0.03575,
            -0.04575,
            0.0
        ],
        "orientation_wxyz": [
            -0.0,
            0.0,
            1.0,
            1.1102230246251568e-16
        ]
    },
    "23": {
        "position": [
            0.03575,
            -0.04575,
            0.0
        ],
        "orientation_wxyz": [
            0.3826834323650898,
            4.248639577543066e-17,
            0.9238795325112867,
            1.0257123289739567e-16
        ]
    },
    "24": {
        "position": [
            0.03575,
            -0.04575,
            0.0
        ],
        "orientation_wxyz": [
            -0.3826834323650898,
            -4.248639577543066e-17,
            0.9238795325112867,
            1.0257123289739567e-16
        ]
    },
    "25": {
        "position": [
            -0.03575,
            -0.04575,
            0.0
        ],
        "orientation_wxyz": [
            -0.0,
            0.0,
            1.0,
            1.1102230246251568e-16
        ]
    },
    "26": {
        "position": [
            -0.03575,
            -0.04575,
            0.0
        ],
        "orientation_wxyz": [
            0.3826834323650898,
            4.248639577543066e-17,
            0.9238795325112867,
            1.0257123289739567e-16
        ]
    },
    "27": {
        "position": [
            -0.03575,
            -0.04575,
            0.0
        ],
        "orientation_wxyz": [
            -0.3826834323650898,
            -4.248639577543066e-17,
            0.9238795325112867,
            1.0257123289739567e-16
        ]
    },
    "28": {
        "position": [
            0.0,
            0.04575,
            0.0
        ],
        "orientation_wxyz": [
            1.1102230246251568e-16,
            1.0,
            0.0,
            0.0
        ]
    },
    "29": {
        "position": [
            0.0,
            0.04575,
            0.0
        ],
        "orientation_wxyz": [
            1.0257123289739567e-16,
            0.9238795325112867,
            -4.248639577543066e-17,
            -0.3826834323650898
        ]
    },
    "30": {
        "position": [
            0.0,
            0.04575,
            0.0
        ],