{
    "1": {
        "position": [
            0.0,
            0.0,
            0.0715
        ],
        "orientation_wxyz": [
            0.0,
            1.0,
            1.1102230246251568e-16,
            0.0
        ]
    },
    "2": {
        "position": [
            0.0,
            0.0,
            0.0715
        ],
        "orientation_wxyz": [
            4.248639577543066e-17,
            0.9238795325112867,
            1.0257123289739567e-16,
            -0.3826834323650898
        ]
    },
    "3": {
        "position": [
            0.0,
            0.0,
            0.0715
        ],
        "orientation_wxyz": [
            -4.248639577543066e-17,
            0.9238795325112867,
            1.0257123289739567e-16,
            0.3826834323650898
        ]
    },
    "4": {
        "position": [
            0.022875,
            0.0,
            0.0715
        ],
        "orientation_wxyz": [
            0.0,
            1.0,
            1.1102230246251568e-16,
            0.0
        ]
    },
    "5": {
        "position": [
            0.022875,
            0.0,
            0.0715
        ],
        "orientation_wxyz": [
            4.248639577543066e-17,
            0.9238795325112867,
            1.0257123289739567e-16,
            -0.3826834323650898
        ]
    },
    "6": {
        "position": [
            0.022875,
            0.0,
            0.0715
        ],
        "orientation_wxyz": [
            -4.248639577543066e-17,
            0.9238795325112867,
            1.0257123289739567e-16,
            0.3826834323650898
        ]
    },
    "7": {
        "position": [
            -0.022875,
            0.0,
            0.0715
        ],
        "orientation_wxyz": [
            0.0,
            1.0,
            1.1102230246251568e-16,
            0.0
        ]
    },
    "8": {
        "position": [
            -0.022875,
            0.0,
            0.0715
        ],
        "orientation_wxyz": [
            4.248639577543066e-17,
            0.9238795325112867,
            1.0257123289739567e-16,
            -0.3826834323650898
        ]
    },
    "9": {
        "position": [
            -0.022875,
            0.0,
            0.0715
        ],
        "orientation_wxyz": [
            -4.248639577543066e-17,
            0.9238795325112867,
            1.0257123289739567e-16,
            0.3826834323650898
        ]
    },
    "10": {
        "position": [
            0.04575,
            0.0,
            0.0
        ],
        "orientation_wxyz": [
            0.7071067811865476,
            5.551115123125784e-17,
            -0.7071067811865476,
            -5.551115123125784e-17
        ]
    },
    "11": {
        "position": [
            0.04575,
            0.0,
            0.0
        ],
        "orientation_wxyz": [
            0.3826834323650898,
            3.0042418560982505e-17,
            -0.9238795325112867,
            -7.252881433641316e-17
        ]
    },
    "12": {
        "position": [
            0.04575,
            0.0,
            0.0
        ],
        "orientation_wxyz": [
            0.9238795325112867,
            7.252881433641316e-17,
            -0.3826834323650898,
            -3.0042418560982505e-17
        ]
    },
    "13": {
        "position": [
            0.04575,
            0.01275,
            0.0
        ],
        "orientation_wxyz": [
            0.7071067811865476,
            5.551115123125784e-17,
            -0.7071067811865476,
            -5.551115123125784e-17
        ]
    },
    "14": {
        "position": [
            0.04575,
            0.01275,
            0.0
        ],
        "orientation_wxyz": [
            0.3826834323650898,
            3.0042418560982505e-17,
            -0.9238795325112867,
            -7.252881433641316e-17
        ]
    },
    "15": {
        "position": [
            0.04575,
            0.01275,
            0.0
        ],
        "orientation_wxyz": [
            0.9238795325112867,
            7.252881433641316e-17,
            -0.3826834323650898,
            -3.0042418560982505e-17
        ]
    },
    "16": {
        "position": [
            0.04575,
            -0.01275,
            0.0
        ],
        "orientation_wxyz": [
            0.7071067811865476,
            5.551115123125784e-17,
            -0.7071067811865476,
            -5.551115123125784e-17
        ]
    },
    "17": {
        "position": [
            0.04575,
            -0.01275,
            0.0
        ],
        "orientation_wxyz": [
            0.3826834323650898,
            3.0042418560982505e-17,
            -0.9238795325112867,
            -7.252881433641316e-17
        ]
    },
    "18": {
        "position": [
            0.04575,
            -0.01275,
            0.0
        ],
        "orientation_wxyz": [
            0.9238795325112867,
            7.252881433641316e-17,
            -0.3826834323650898,
            -3.0042418560982505e-17
        ]
    },
    "19": {
        "position": [
            -0.04575,
            0.0,
            0.0
        ],
        "orientation_wxyz": [
            5.551115123125784e-17,
            0.7071067811865476,
            5.551115123125784e-17,
            0.7071067811865476
        ]
    },
    "20": {
        "position": [
            -0.04575,
            0.0,
            0.0
        ],
        "orientation_wxyz": [
            7.252881433641316e-17,
            0.9238795325112867,
            3.0042418560982505e-17,
            0.3826834323650898
        ]
    },
    "21": {
        "position": [
            -0.04575,
            0.0,
            0.0
        ],
        "orientation_wxyz": [
            3.0042418560982505e-17,
            0.3826834323650898,
            7.252881433641316e-17,
            0.9238795325112867
        ]
    },
    "22": {
        "position": [
            -0.04575,
            0.01275,
            0.0
        ],
        "orientation_wxyz": [
            5.551115123125784e-17,
            0.7071067811865476,
            5.551115123125784e-17,
            0.7071067811865476
        ]
    },
    "23": {
        "position": [
            -0.04575,
            0.01275,
            0.0
        ],
        "orientation_wxyz": [
            7.252881433641316e-17,
            0.9238795325112867,
            3.0042418560982505e-17,
            0.3826834323650898
        ]
    },
    "24": {
        "position": [
            -0.04575,
            0.01275,
            0.0
        ],
        "orientation_wxyz": [
            3.0042418560982505e-17,
            0.3826834323650898,
            7.252881433641316e-17,
            0.9238795325112867
        ]
    },
    "25": {
        "position": [
            -0.04575,
            -0.01275,
            0.0
        ],
        "orientation_wxyz": [
            5.551115123125784e-17,
            0.7071067811865476,
            5.551115123125784e-17,
            0.7071067811865476
        ]
    },
    "26": {
        "position": [
            -0.04575,
            -0.01275,
            0.0
        ],
        "orientation_wxyz": [
            7.252881433641316e-17,
            0.9238795325112867,
            3.0042418560982505e-17,
            0.3826834323650898
        ]
    },
    "27": {
        "position": [
            -0.04575,
            -0.01275,
            0.0
        ],
        "orientation_wxyz": [
            3.0042418560982505e-17,
            0.3826834323650898,
            7.252881433641316e-17,
            0.9238795325112867
        ]
    },
    "28": {
        "position": [
            -0.04575,
            0.0,
            0.0715
        ],
        "orientation_wxyz": [
            -0.33949590626509113,
            0.6202761720630936,
            0.6202761720630936,
            -0.33949590626509124
        ]
    },
    "29": {
        "position": [
            -0.04575,
            0.0,
            0.0715
        ],