{"epoch":30,"train_loss":0.03171669138299132,"val_loss":0.037607228849083185,"_timestamp":1.7397058266860418e+09,"_runtime":13.157649136,"_step":30,"test_loss":0.036440239827099596,"_wandb":{"runtime":13}}