{"train_loss":0.0317459196035116,"val_loss":0.036084455090449816,"_timestamp":1.7397067422407634e+09,"_runtime":34.135475482,"_step":50,"test_loss":0.03614822994560411,"_wandb":{"runtime":34},"epoch":50}