{"_wandb":{"runtime":6},"_step":30,"epoch":30,"train_loss":0.03609570692288143,"val_loss":0.03975014684393125,"_timestamp":1.7397604781895173e+09,"_runtime":6.186230816,"test_loss":0.03686371229981121}