{"_wandb":{"runtime":19},"epoch":30,"train_loss":0.035811392597353726,"val_loss":0.03855521021972573,"_timestamp":1.7397038485837529e+09,"_runtime":19.590484549,"_step":30,"test_loss":0.0392432707526228}