{"_timestamp":1.7397090135717297e+09,"test_loss":0.03748600026224985,"_wandb":{"runtime":38},"_runtime":38.541292373,"_step":30,"epoch":30,"train_loss":0.0347477316122203,"val_loss":0.03822057067578578}