{"val_loss":0.044092087509731454,"_timestamp":1.739703790576784e+09,"_runtime":87.030441235,"test_loss":0.03799314446385122,"_wandb":{"runtime":87},"_step":70,"epoch":70,"train_loss":0.03498983589363537}