{"train_loss":0.03252779436962945,"val_loss":0.03660714171826839,"_timestamp":1.739760928307533e+09,"_runtime":8.29738374,"_step":50,"test_loss":0.03707930122447364,"_wandb":{"runtime":8},"epoch":50}