{"train_loss":0.031863255648288964,"val_loss":0.03933175510781653,"_timestamp":1.739707743773034e+09,"_runtime":25.996429483,"_step":70,"test_loss":0.03635552256471581,"_wandb":{"runtime":26},"epoch":70}