{"_step":30,"test_loss":0.03578494572417533,"_wandb":{"runtime":12},"epoch":30,"train_loss":0.03158268332722036,"val_loss":0.03409602685132995,"_timestamp":1.7397608968766122e+09,"_runtime":11.99307577}