{"_timestamp":1.7397608369052384e+09,"_runtime":22.373661008,"_step":70,"epoch":70,"train_loss":0.032494074846538955,"val_loss":0.03740545626108845,"test_loss":0.03572409715065185,"_wandb":{"runtime":22}}