{"val_loss":0.038947210632144444,"_timestamp":1.7397075169965377e+09,"_runtime":37.824747735,"_step":30,"epoch":30,"train_loss":0.04254630238800827,"test_loss":0.042380573964249844,"_wandb":{"runtime":37}}