{"epoch":70,"train_loss":0.033001682065295045,"val_loss":0.03574587269262834,"_timestamp":1.7397069068881152e+09,"_runtime":26.90653606,"_step":70,"test_loss":0.03708326838217502,"_wandb":{"runtime":26}}