{"_runtime":33.13716681,"_step":50,"test_loss":0.03973194397985935,"_wandb":{"runtime":33},"epoch":50,"train_loss":0.03971552842183353,"val_loss":0.04075416677038778,"_timestamp":1.739703826393757e+09}