{"val_loss":0.037162044189042516,"_timestamp":1.739706924182979e+09,"_runtime":14.846003061,"_step":30,"test_loss":0.03883408469846472,"_wandb":{"runtime":14},"epoch":30,"train_loss":0.037207270081600415}