{"val_loss":0.041573772905394435,"_timestamp":1.739707021424976e+09,"_runtime":21.873314965,"_step":50,"test_loss":0.042608049077292286,"_wandb":{"runtime":21},"epoch":50,"train_loss":0.04020055686485582}