{"test_loss":0.03559533803058522,"_wandb":{"runtime":31},"train_loss":0.02973886750643135,"val_loss":0.03567916207354177,"_timestamp":1.7397590788376038e+09,"_runtime":31.546879241,"_step":50,"epoch":50}