{"_wandb":{"runtime":24},"_runtime":24.55556339,"_step":70,"epoch":70,"train_loss":0.03505655770387613,"val_loss":0.035052027087658644,"_timestamp":1.7397040987910295e+09,"test_loss":0.0378728061211559}