{"_wandb":{"runtime":17},"val_loss":0.04019823931157589,"_timestamp":1.7397603255755596e+09,"_runtime":17.724757227,"_step":30,"epoch":30,"train_loss":0.0318408781130399,"test_loss":0.039009698156733066}