{"_step":30,"test_loss":0.03588144834508601,"_wandb":{"runtime":11},"epoch":30,"train_loss":0.03342371089411112,"val_loss":0.03976250267945803,"_timestamp":1.7397592084780896e+09,"_runtime":11.070330502}