{"_wandb":{"runtime":17},"val_loss":0.034903349936939776,"_timestamp":1.7397590445025759e+09,"_runtime":17.896342457,"_step":50,"epoch":50,"train_loss":0.031291315513837306,"test_loss":0.03709827655305465}