{"_step":30,"epoch":30,"train_loss":0.03916148522639657,"val_loss":0.04153183437883854,"test_loss":0.041354227237976514,"_wandb":{"runtime":14},"_timestamp":1.7397040060526817e+09,"_runtime":14.143769635}