{"_wandb":{"runtime":28},"epoch":70,"train_loss":0.02670571428083674,"val_loss":0.03777321160811445,"_timestamp":1.7397084844844384e+09,"_runtime":28.242042736,"_step":70,"test_loss":0.038096960342954844}