{"test_loss":0.04043954026160969,"_wandb":{"runtime":33},"val_loss":0.040384862607098976,"_timestamp":1.739703884261518e+09,"_runtime":33.463910347,"_step":50,"epoch":50,"train_loss":0.03984129411930388}