{"_wandb":{"runtime":21},"_timestamp":1.7397596274297624e+09,"_runtime":21.052648673,"_step":70,"epoch":70,"train_loss":0.04248441670145561,"val_loss":0.041673481034544796,"test_loss":0.04497585594182527}