{"train_loss":0.027195652405014786,"val_loss":0.04209865034436402,"_timestamp":1.7397057529490297e+09,"_runtime":55.238632018,"_step":70,"test_loss":0.037392268948098446,"_wandb":{"runtime":55},"epoch":70}