{"val_loss":0.03701116256415844,"_timestamp":1.7397596887479894e+09,"_runtime":10.052302056,"_step":30,"epoch":30,"train_loss":0.03744998570272629,"test_loss":0.03885971517004865,"_wandb":{"runtime":10}}