{"test_loss":0.03607526950260497,"_wandb":{"runtime":88},"epoch":70,"train_loss":0.029818968597267355,"val_loss":0.03368362336685615,"_timestamp":1.7397076085102317e+09,"_runtime":88.069187057,"_step":70}