{"val_loss":0.036539464157872965,"_timestamp":1.7397089137301202e+09,"_runtime":21.524466717,"_step":30,"test_loss":0.0389039408794399,"_wandb":{"runtime":21},"epoch":30,"train_loss":0.033254929834178514}