{"test_loss":0.037636648172572736,"_wandb":{"runtime":72},"_runtime":72.631388349,"_step":50,"epoch":50,"train_loss":0.03838213338114764,"val_loss":0.03850856747123457,"_timestamp":1.7397071278818867e+09}