{"_wandb":{"runtime":19},"val_loss":0.039432454718432076,"_timestamp":1.7397610293754032e+09,"_runtime":19.869504409,"_step":30,"epoch":30,"train_loss":0.0289071460410301,"test_loss":0.037352085413952026}