{"_runtime":5.716869173,"_step":30,"test_loss":0.03701566800009459,"_wandb":{"runtime":5},"epoch":30,"train_loss":0.03679528198695394,"val_loss":0.034447344252839684,"_timestamp":1.7397602480992105e+09}