{"_runtime":46.047454806,"_step":70,"test_loss":0.04022799737366109,"_wandb":{"runtime":46},"epoch":70,"train_loss":0.03574969825282649,"val_loss":0.03790258211286172,"_timestamp":1.7397090622025557e+09}