{"_timestamp":1.7397594173455453e+09,"_runtime":24.589287563,"test_loss":0.03624578224534684,"_wandb":{"runtime":24},"_step":70,"epoch":70,"train_loss":0.028370395242962816,"val_loss":0.03964389814063907}