{"val_loss":0.03734122769816256,"_timestamp":1.7397605834136674e+09,"_runtime":28.364836079,"_step":50,"epoch":50,"test_loss":0.03786894930778323,"_wandb":{"runtime":28},"train_loss":0.03571210190622898}