{"test_loss":0.03703465398807986,"_wandb":{"runtime":30},"epoch":50,"train_loss":0.032220820561354016,"val_loss":0.03517356484349984,"_timestamp":1.7397596037795353e+09,"_runtime":30.666730456,"_step":50}