{"train_loss":0.044263735963658964,"val_loss":0.044935784737269086,"_timestamp":1.7397093309167767e+09,"_runtime":29.296487663,"_step":70,"epoch":70,"test_loss":0.042286547124385836,"_wandb":{"runtime":29}}