{"_runtime":9.811354694,"_step":50,"epoch":50,"train_loss":0.031379510733214294,"val_loss":0.0362400942082916,"_timestamp":1.739759798045209e+09,"test_loss":0.036330783137065524,"_wandb":{"runtime":9}}