{"epoch":50,"train_loss":0.0340550926938334,"test_loss":0.03695053898152851,"_wandb":{"runtime":14},"val_loss":0.0338283216185642,"_timestamp":1.7397611025712078e+09,"_runtime":14.010752662,"_step":50}