{"_wandb":{"runtime":20},"_runtime":20.471368741,"_step":50,"epoch":50,"train_loss":0.030660389199353464,"val_loss":0.03685850998566997,"_timestamp":1.7397091401984167e+09,"test_loss":0.0356490690416346}