{"_runtime":15.028950331,"_step":30,"epoch":30,"train_loss":0.033780980291869066,"test_loss":0.036468793004751206,"_wandb":{"runtime":15},"val_loss":0.036422175915857544,"_timestamp":1.7397607671974835e+09}