{"test_loss":0.036194264400927795,"_wandb":{"runtime":26},"epoch":70,"train_loss":0.0301760345566691,"val_loss":0.03298081597313285,"_timestamp":1.739709359945565e+09,"_runtime":26.605404278,"_step":70}